{"stats": {"Ed": {"reg": {"abs": {"mean": 0.05046042843130537, "median": 0.04250544932727397, "per": {"1": 0.0003129718549978416, "10": 0.008810344799999408, "25": 0.02070397635416661, "50": 0.04250544932727397, "75": 0.07247013432499837, "90": 0.10571963615244324, "99": 0.15329516403915092}}, "raw": {"mean": -0.0030517164657320583, "median": -0.006447540383938605, "per": {"1": -0.13337250656675054, "10": -0.08674192542500775, "25": -0.04401692429792216, "50": -0.006447540383938605, "75": 0.03779260628750105, "90": 0.0770849759249989, "99": 0.1509395685799973}}, "rmse": 0.06313613136307734, "r2": 0.8120444380285494}, "cl": {"0": {"raw": {"tn": 228, "fp": 2, "fn": 2, "tp": 2}, "scores": {"precision": 0.5, "recall": 0.5, "f1": 0.5, "accuracy": 0.9829059829059829, "fpr": 0.008695652173913044}}, "0.03": {"raw": {"tn": 220, "fp": 5, "fn": 5, "tp": 4}, "scores": {"precision": 0.4444444444444444, "recall": 0.4444444444444444, "f1": 0.4444444444444444, "accuracy": 0.9572649572649573, "fpr": 0.022222222222222223}}, "0.1": {"raw": {"tn": 195, "fp": 8, "fn": 12, "tp": 19}, "scores": {"precision": 0.7037037037037037, "recall": 0.6129032258064516, "f1": 0.6551724137931035, "accuracy": 0.9145299145299145, "fpr": 0.03940886699507389}}, "0.15": {"raw": {"tn": 173, "fp": 8, "fn": 17, "tp": 36}, "scores": {"precision": 0.8181818181818182, "recall": 0.6792452830188679, "f1": 0.7422680412371134, "accuracy": 0.8931623931623932, "fpr": 0.04419889502762431}}, "0.2": {"raw": {"tn": 145, "fp": 9, "fn": 13, "tp": 67}, "scores": {"precision": 0.881578947368421, "recall": 0.8375, "f1": 0.8589743589743589, "accuracy": 0.905982905982906, "fpr": 0.05844155844155844}}}}}, "data": {"Ed": [0.0219416, 0.3147937, 0.4218002, 0.3915982, 0.0907451, 0.0078756, 0.3795568, 0.2481998, 0.1437875, 0.2697642, 0.4323192, 0.0924203, 0.2545254, 0.0186324, 0.3019987, 0.2174262, 0.1961677, 0.3069407, 0.4434057, 0.1559508, 0.407273, 0.3865989, -0.01784, 0.3296079, 0.3998792, 0.7237064, 0.2970625, 0.0944186, 0.4513398, 0.240255, 0.2034527, 0.0773854, 0.1489852, 0.1833739, 0.3933097, 0.3690745, 0.3387867, 0.1958076, 0.2102888, 0.2342317, 0.6591711, 0.1666, 0.1688348, 0.299456, 0.2799133, 0.3320945, 0.2815897, 0.4008821, 0.2871005, 0.1436796, 0.221687, 0.2491503, 0.1682675, 0.4404937, 0.3077655, 0.3759508, 0.0892659, 0.1495413, 0.3985698, 0.1136183, 0.0136533, 0.3793762, 0.2568688, 0.0524075, 0.5588911, 0.2665211, 0.373593, 0.0062267, 0.3613598, 0.2369193, 0.1802898, 0.1898921, 0.3978075, 0.0480308, 0.2056035, 0.2851965, 0.2896291, 0.1895764, 0.3174641, 0.0358229, 0.3531069, 0.104702, 0.2135471, 0.1523123, 0.2947196, 0.3156506, 0.5076036, 0.1557738, 0.2596977, 0.3751373, 0.2976628, 0.0509912, 0.3604259, 0.5199391, 0.1391576, 0.5640122, 0.6746776, 0.2144171, 0.3423551, 0.338732, 0.1860686, 0.3700249, 0.1373629, 0.4815451, 0.3783437, 0.3403362, 0.5106753, 0.3826067, 0.4666263, 0.1734101, 0.0315956, 0.2844997, 0.5121186, 0.0741706, 0.4268607, 0.4685473, 0.3025851, 0.3794764, 0.3505195, 0.300131, 0.116675, 0.2601049, 0.3149281, 0.4965081, 0.2232362, 0.4227391, 0.1914867, 0.2013518, 0.3204638, 0.1856745, 0.3118806, 0.1288298, 0.3222866, 0.2433497, 0.2651036, 0.231623, 0.3583834, 0.2992138, 0.5415595, 0.1735702, 0.5646976, 0.1979896, 0.4418784, 0.090551, 0.0717013, 0.152731, 0.2894447, 0.2765831, 0.0835669, 0.2009658, 0.2894457, 0.345551, 0.453621, 0.17252, 0.3459248, 0.2166528, 0.1758889, 0.2806465, 0.2155789, 0.3659236, 0.2140604, 0.194844, 0.4684796, 0.2559607, 0.4642528, -0.0581098, 0.3111176, 0.3384872, 0.4345959, 0.3881437, 0.0819268, 0.3702101, 0.4302386, 0.3465599, 0.3295582, 0.3653269, 0.3904912, 0.2957906, 0.3387926, 0.2737787, 0.1567057, 0.5974588, 0.1516023, 0.3549752, 0.2516671, 0.2626737, 0.1946, -0.0024361, 0.3849627, 0.3001791, 0.1213432, 0.318809, 0.3402143, 0.1844117, 0.1607021, 0.2078201, 0.53146, 0.0994734, 0.1336124, 0.3815762, 0.0632268, 0.3222364, 0.5093411, 0.187085, 0.2004379, 0.342454, 0.4308804, 0.2754724, 0.4486447, 0.2290864, 0.4122559, 0.4364321, 0.1264392, 0.1102187, 0.2802546, 0.2342413, 0.309042, 0.1483625, -0.0252603, 0.0886503, 0.2492249, 0.4505903, 0.19439, 0.3793699, 0.3509823, 0.2946765, 0.1478654, 0.1508161, 0.1600941, 0.3802387, 0.3095065, 0.1277629, 0.3105298, 0.1536188], "ids": ["1056832", "1059674", "1069425", "1098653", "1260374", "1279568", "1302765", "1320567", "1340285", "1365094", "1487932", "1694783", "1705239", "1735482", "1743698", "1790246", "1804532", "1895642", "1923504", "1932047", "2018563", "2043178", "2045968", "2078916", "2081546", "2096537", "2158347", "2198367", "2317805", "2361549", "2384019", "2453071", "2465970", "2487590", "2498173", "2514308", "2541903", "2568307", "2643098", "2645180", "2673845", "2694380", "2739650", "2760143", "2819470", "2836405", "2845369", "2869347", "2931756", "2941375", "2943061", "3014689", "3015264", "3041965", "3056417", "3061874", "3092751", "3149850", "3204167", "3215784", "3250478", "3254689", "3264017", "3280951", "3296450", "3469512", "3514269", "3578406", "3582067", "3612974", "3627410", "3645207", "3740286", "3741296", "3786905", "3821574", "3891520", "3892147", "4063285", "4123795", "4127693", "4165230", "4165972", "4203176", "4265083", "4267580", "4306815", "4309715", "4327501", "4328571", "4352098", "4528069", "4637091", "4692830", "4693502", "4750928", "4768210", "4807153", "4857263", "4867502", "4932856", "4935860", "4960875", "4976231", "4987650", "5062718", "5123968", "5140362", "5146839", "5160827", "5170386", "5178439", "5183609", "5187042", "5196087", "5197243", "5267094", "5294037", "5308146", "5372069", "5469827", "5619803", "5648371", "5683192", "5693807", "5714096", "5718692", "5732806", "5738926", "5749680", "5762910", "5814072", "5831672", "5891230", "5894621", "5902371", "6025847", "6039182", "6083594", "6091584", "6135948", "6138297", "6175483", "6271834", "6278590", "6283704", "6315928", "6319528", "6342708", "6423907", "6491783", "6530821", "6543129", "6594182", "6703951", "6748193", "6752138", "6807539", "6851203", "6895471", "6902314", "6930741", "6971305", "6982735", "7063891", "7126859", "7130825", "7160483", "7190582", "7243896", "7254913", "7348562", "7369148", "7483150", "7521463", "7548206", "7803256", "7804269", "7819360", "7905641", "7918026", "7932580", "7985463", "8054917", "8290476", "8315042", "8317509", "8397402", "8410523", "8463201", "8496023", "8512390", "8521307", "8597263", "8605217", "8613947", "8643509", "8653417", "8927605", "9084235", "9084715", "9138254", "9157643", "9180765", "9182473", "9245670", "9257083", "9267581", "9317254", "9317528", "9321840", "9328467", "9354761", "9380175", "9381746", "9425807", "9450781", "9461730", "9467830", "9501276", "9518437", "9518642", "9546732", "9576032", "9583261", "9603748", "9605831", "9607438", "9618250", "9706385", "9720165", "9731406", "9765234", "9840216"],