{"stats": {"Ed": {"reg": {"abs": {"mean": 0.04909762076241083, "median": 0.039826349365856197, "per": {"1": 0.0010828003349981864, "10": 0.007943542949998711, "25": 0.017540116190476136, "50": 0.039826349365856197, "75": 0.06911422065625064, "90": 0.10370165574999995, "99": 0.16481153815499758}}, "raw": {"mean": 0.012754946850507256, "median": 0.012135238472221713, "per": {"1": -0.12501790819999795, "10": -0.06818818823636617, "25": -0.025800999999998075, "50": 0.012135238472221713, "75": 0.05264528762499729, "90": 0.08461012103749668, "99": 0.16481153815499758}}, "rmse": 0.06323735368162003, "r2": 0.7548723428743118}, "cl": {"0": {"raw": {"tn": 228, "fp": 0, "fn": 5, "tp": 1}, "scores": {"precision": 1.0, "recall": 0.16666666666666666, "f1": 0.2857142857142857, "accuracy": 0.9786324786324786, "fpr": 0.0}}, "0.03": {"raw": {"tn": 213, "fp": 5, "fn": 12, "tp": 4}, "scores": {"precision": 0.4444444444444444, "recall": 0.25, "f1": 0.32, "accuracy": 0.9273504273504274, "fpr": 0.022935779816513763}}, "0.07": {"raw": {"tn": 181, "fp": 12, "fn": 23, "tp": 18}, "scores": {"precision": 0.6, "recall": 0.43902439024390244, "f1": 0.5070422535211268, "accuracy": 0.8504273504273504, "fpr": 0.06217616580310881}}, "0.139": {"raw": {"tn": 120, "fp": 19, "fn": 13, "tp": 82}, "scores": {"precision": 0.8118811881188119, "recall": 0.8631578947368421, "f1": 0.8367346938775511, "accuracy": 0.8632478632478633, "fpr": 0.1366906474820144}}, "0.15": {"raw": {"tn": 108, "fp": 22, "fn": 10, "tp": 94}, "scores": {"precision": 0.8103448275862069, "recall": 0.9038461538461539, "f1": 0.8545454545454546, "accuracy": 0.8632478632478633, "fpr": 0.16923076923076924}}, "0.2": {"raw": {"tn": 78, "fp": 21, "fn": 6, "tp": 129}, "scores": {"precision": 0.86, "recall": 0.9555555555555556, "f1": 0.9052631578947369, "accuracy": 0.8846153846153846, "fpr": 0.21212121212121213}}, "0.26": {"raw": {"tn": 49, "fp": 24, "fn": 7, "tp": 154}, "scores": {"precision": 0.8651685393258427, "recall": 0.9565217391304348, "f1": 0.9085545722713865, "accuracy": 0.8675213675213675, "fpr": 0.3287671232876712}}}}}, "data": {"Ed": [0.2533639, 0.0822843, 0.2817055, 0.310618, 0.1662653, 0.0831394, 0.2309552, 0.0756161, 0.1035337, 0.1187011, 0.3682261, 0.2700905, 0.1475971, 0.0754741, 0.1981651, 0.2095261, 0.1045932, 0.1011167, 0.1574608, 0.3231386, 0.1233626, 0.084309, 0.2604673, 0.01693, 0.2437508, 0.1751021, 0.1023719, 0.1479836, 0.1886818, 0.0936253, 0.1406175, 0.0514501, 0.2154736, 0.1030535, 0.3946647, 0.1235418, 0.2720518, 0.3357521, 0.0796123, 0.0736375, 0.2062132, 0.1396459, 0.222279, 0.271351, 0.1655211, 0.1557662, 0.0919178, 0.3243521, 0.1053409, 0.3801918, 0.3709747, 0.0990169, 0.3264332, 0.0743299, 0.0341791, 0.1128091, 0.0897984, 0.2850462, 0.4250014, 0.3993754, 0.0784002, 0.1193039, 0.1131515, 0.143503, 0.2417024, 0.1051539, 0.0542375, 0.0637702, 0.2479113, 0.1001907, 0.1192534, 0.4456954, 0.1032371, 0.1639426, 0.181858, 0.1314648, 0.0831742, 0.2078598, 0.3835165, 0.1246974, 0.2020661, 0.0609958, 0.1885841, 0.1546718, 0.295381, 0.1428198, 0.3758628, 0.4043283, 0.1290416, 0.1786412, 0.269219, 0.2465895, 0.0071001, 0.2185582, 0.3712198, 0.042217, 0.0924727, 0.0862161, 0.4321233, 0.1235346, 0.1243046, 0.0924783, 0.055519, 0.1905982, 0.2530187, 0.3665484, 0.2954554, 0.0883906, 0.0471487, 0.3363601, 0.1389777, 0.4558575, 0.2642028, 0.01838, 0.0517193, 0.2852945, 0.2364317, 0.1497189, 0.1750263, 0.1479568, 0.3491234, 0.195735, 0.0730292, 0.1562465, 0.0153483, 0.2595326, 0.1123742, 0.121858, 0.2690486, 0.1202036, 0.3098974, 0.1068587, 0.1790908, 0.1482225, 0.1032021, 0.2324076, 0.0879229, 0.2810331, 0.0965205, 0.1238738, 0.2283017, 0.1866278, 0.2409243, -0.050295, 0.0507146, 0.0609946, 0.3014894, 0.010197, 0.0576166, 0.0888574, 0.3848818, 0.1848422, 0.0437492, 0.3767974, 0.3944765, 0.1360964, 0.1970638, 0.0339741, 0.1190151, 0.4666114, 0.2029572, 0.2273432, 0.0989638, 0.2240029, 0.2083152, 0.1157817, 0.3650959, 0.3272634, 0.0835681, 0.2359538, 0.4724393, 0.078363, 0.0225041, 0.0508898, 0.1056865, 0.4017612, 0.1082648, 0.1862467, 0.1065476, 0.0784531, 0.2092876, 0.147284, 0.2581026, 0.0648937, 0.1687001, 0.1641534, 0.0620023, 0.1523235, 0.2669722, 0.0732734, 0.2734565, 0.3048143, 0.0836231, 0.0059527, 0.1433472, 0.2102026, 0.1323794, 0.2638631, 0.0942501, 0.1943388, 0.199553, 0.3099121, 0.195139, 0.0499672, 0.1966793, 0.0624266, 0.1440839, 0.1495752, 0.1056637, 0.065822, 0.1427794, 0.4361083, 0.049788, 0.1217897, 0.2875763, 0.3432072, 0.1992299, 0.2631971, 0.1888522, 0.182897, 0.0758045, 0.1458879, 0.2919477, 0.3084714, 0.1942199, 0.1152044, 0.2276592, 0.1085877, 0.189028, 0.3879513, 0.1164354, 0.1553277, 0.1129845, 0.0089575], "ids": ["10378294", "10392748", "10693257", "10857693", "12064358", "12086359", "12304586", "12374650", "12458390", "12507849", "12904576", "13085762", "13480652", "13658924", "14387690", "15780629", "15860437", "16094873", "16375284", "16504783", "16943087", "16958274", "17042638", "17596823", "18325407", "18952376", "18967543", "19436725", "19483527", "19743065", "20419573", "20456318", "20519736", "20694735", "20819547", "21064358", "23045176", "23074169", "23705914", "23750186", "24035867", "24501987", "25976038", "25986740", "26408915", "27156309", "27159836", "27845619", "30694825", "30975426", "31254760", "31286905", "31879054", "32156478", "32450971", "32468591", "32508179", "32714856", "32875906", "34012568", "34072651", "34105672", "34189275", "34209168", "34681702", "34982675", "35280617", "35842190", "35897402", "36509124", "37049621", "37068241", "37419068", "38549061", "38702645", "38960417", "39062841", "39186520", "39720486", "40236598", "40326571", "40568932", "40596718", "41085739", "41253670", "41267093", "42368795", "42936180", "43065218", "43206985", "43208516", "43780952", "43790281", "43860715", "43972106", "45068793", "45628709", "45726190", "46752830", "46879352", "47098521", "47812905", "48270965", "49670328", "50129364", "50619347", "50648317", "50836291", "50942871", "50987241", "51398260", "51763480", "52634817", "52948361", "54789260", "54879302", "56124780", "56140738", "56489170", "56893071", "56920873", "57043269", "57129046", "58029641", "58319420", "58346072", "58642793", "59230168", "59387142", "59481307", "59806341", "60573841", "60897513", "61487350", "61784935", "61792438", "61927503", "61932785", "62157849", "62897034", "62941037", "62945318", "63175049", "63975401", "64021875", "64213980", "65349018", "65374182", "65483790", "65790324", "67198240", "67239801", "67381945", "67409258", "67435291", "67851930", "67905128", "68293104", "68427591", "69538402", "69578014", "70251698", "70264158", "70843926", "71204863", "71248596", "71305486", "71403958", "71453068", "71465098", "72015384", "72150386", "72153046", "72803641", "74920568", "74920653", "75149062", "75684932", "76402381", "76415208", "78351290", "78510264", "78691503", "79324150", "79631548", "79648230", "80163975", "81294637", "81437256", "81439706", "81693024", "82139740", "82354971", "82609473", "82769514", "83197206", "83265941", "83429561", "83764925", "84036972", "84135296", "85320746", "85397462", "85709634", "85902746", "86192507", "87196024", "87563140", "87904612", "87932541", "89231046", "89604375", "91052873", "92057831", "92165478", "93270846", "93481752", "93507642", "93608745", "94130527", "94185602", "94528706", "94715302", "95063127", "95240316", "95267031", "95308671", "96138204", "96302148", "97183264", "97408251", "97428650", "98016472", "98526013"],