{"AtomicOrbitals|HOMO_character": 0.9689328646451614, "AtomicOrbitals|HOMO_element": 1.1608009815869869, "AtomicOrbitals|HOMO_energy": 2.823330712030735, "AtomicOrbitals|LUMO_character": 1.020454944575794, "AtomicOrbitals|LUMO_element": 1.1037335115385993, "AtomicOrbitals|LUMO_energy": 2.7471075392558415, "AtomicOrbitals|gap_AO": 0.6149785327801274, "BandCenter|band center": 4.197065172888697, "ElementProperty|MagpieData minimum MendeleevNumber": 0.9258300683990655, "ElementProperty|MagpieData maximum MendeleevNumber": 1.442015270284214, "ElementProperty|MagpieData range MendeleevNumber": 1.1096339343322856, "ElementProperty|MagpieData mean MendeleevNumber": 3.8370020878256126, "ElementProperty|MagpieData avg_dev MendeleevNumber": 3.8452811544380125, "ElementProperty|MagpieData mode MendeleevNumber": 0.8958420586842513, "ElementProperty|MagpieData minimum AtomicWeight": 3.3306690738754696e-16, "ElementProperty|MagpieData maximum AtomicWeight": 3.204966003065169, "ElementProperty|MagpieData range AtomicWeight": 3.2508487587235653, "ElementProperty|MagpieData mean AtomicWeight": 4.197065172888697, "ElementProperty|MagpieData avg_dev AtomicWeight": 4.197065172888697, "ElementProperty|MagpieData mode AtomicWeight": 3.3306690738754696e-16, "ElementProperty|MagpieData maximum CovalentRadius": 1.5045962038119023, "ElementProperty|MagpieData range CovalentRadius": 1.4697863098551316, "ElementProperty|MagpieData mean CovalentRadius": 3.952478278301802, "ElementProperty|MagpieData avg_dev CovalentRadius": 3.9293097801333046, "ElementProperty|MagpieData minimum Electronegativity": 3.11768365696872, "ElementProperty|MagpieData maximum Electronegativity": 1.6039595615478426, "ElementProperty|MagpieData range Electronegativity": 3.5228620137496414, "ElementProperty|MagpieData mean Electronegativity": 4.035313036136561, "ElementProperty|MagpieData avg_dev Electronegativity": 3.983105058928584, "ElementProperty|MagpieData mode Electronegativity": 2.636360768486759, "ElementProperty|MagpieData minimum NsValence": 0.5881257128212503, "ElementProperty|MagpieData range NsValence": 0.5917297254284444, "ElementProperty|MagpieData mean NsValence": 0.5761519473600374, "ElementProperty|MagpieData avg_dev NsValence": 0.5757449216177952, "ElementProperty|MagpieData mode NsValence": 0.620080772779541, "ElementProperty|MagpieData maximum NpValence": 1.1440186347803323, "ElementProperty|MagpieData range NpValence": 1.2210050111939972, "ElementProperty|MagpieData mean NpValence": 1.5022818302716452, "ElementProperty|MagpieData avg_dev NpValence": 1.212114744324111, "ElementProperty|MagpieData maximum NdValence": 0.9422944272189784, "ElementProperty|MagpieData range NdValence": 0.9474248844488118, "ElementProperty|MagpieData mean NdValence": 2.4681269906313608, "ElementProperty|MagpieData avg_dev NdValence": 2.3514272787803217, "ElementProperty|MagpieData maximum NfValence": 0.5344137542789107, "ElementProperty|MagpieData range NfValence": 0.5765298195055251, "ElementProperty|MagpieData mean NfValence": 0.8148249108181971, "ElementProperty|MagpieData avg_dev NfValence": 0.7261055968317169, "ElementProperty|MagpieData maximum NValence": 1.392090648239443, "ElementProperty|MagpieData range NValence": 1.2091948449887306, "ElementProperty|MagpieData mean NValence": 3.6087696720931977, "ElementProperty|MagpieData avg_dev NValence": 3.3699123518256195, "ElementProperty|MagpieData maximum NsUnfilled": 0.5926957880775041, "ElementProperty|MagpieData range NsUnfilled": 0.5931418733629097, "ElementProperty|MagpieData mean NsUnfilled": 0.5490024585952646, "ElementProperty|MagpieData avg_dev NsUnfilled": 0.5452944071425061, "ElementProperty|MagpieData mean NpUnfilled": 1.4511521047614, "ElementProperty|MagpieData avg_dev NpUnfilled": 1.084092174730845, "ElementProperty|MagpieData maximum NdUnfilled": 1.4577568858729175, "ElementProperty|MagpieData range NdUnfilled": 1.5374206592843636, "ElementProperty|MagpieData mean NdUnfilled": 1.9879273015175443, "ElementProperty|MagpieData avg_dev NdUnfilled": 2.0166676867515387, "ElementProperty|MagpieData minimum NUnfilled": 1.3655890036707299, "ElementProperty|MagpieData maximum NUnfilled": 1.3583437006887054, "ElementProperty|MagpieData range NUnfilled": 1.2722674593074608, "ElementProperty|MagpieData mean NUnfilled": 2.882823971307752, "ElementProperty|MagpieData avg_dev NUnfilled": 2.651514053798244, "ElementProperty|MagpieData mode NUnfilled": 0.8578813168739101, "ValenceOrbital|avg s valence electrons": 0.628040934495842, "ValenceOrbital|avg p valence electrons": 1.4453564227244433, "ValenceOrbital|avg d valence electrons": 2.4279876765003108, "ValenceOrbital|avg f valence electrons": 0.8040885697737035, "ValenceOrbital|frac s valence electrons": 3.8092802726037975, "ValenceOrbital|frac p valence electrons": 3.806617811608003, "ValenceOrbital|frac d valence electrons": 3.857358737348929, "ValenceOrbital|frac f valence electrons": 1.4763710559084862, "YangSolidSolution|Yang omega": 4.1299711557946805, "YangSolidSolution|Yang delta": 4.133206809030334}