{"AtomicOrbitals|HOMO_character": 0.913827704371811, "AtomicOrbitals|HOMO_element": 1.2524638023568346, "AtomicOrbitals|HOMO_energy": 2.7864075865662707, "AtomicOrbitals|LUMO_character": 0.9651908698019875, "AtomicOrbitals|LUMO_element": 1.0640540600571873, "AtomicOrbitals|LUMO_energy": 2.734287360405845, "AtomicOrbitals|gap_AO": 0.5672218591330491, "BandCenter|band center": 4.197065172888697, "ElementProperty|MagpieData minimum MendeleevNumber": 0.9394755277186291, "ElementProperty|MagpieData maximum MendeleevNumber": 1.521845814404104, "ElementProperty|MagpieData range MendeleevNumber": 1.1433461480077651, "ElementProperty|MagpieData mean MendeleevNumber": 3.8381620389855633, "ElementProperty|MagpieData avg_dev MendeleevNumber": 3.887592238415763, "ElementProperty|MagpieData mode MendeleevNumber": 0.9434174048690303, "ElementProperty|MagpieData minimum AtomicWeight": 3.3306690738754696e-16, "ElementProperty|MagpieData maximum AtomicWeight": 3.216085409537139, "ElementProperty|MagpieData range AtomicWeight": 3.2523778504770164, "ElementProperty|MagpieData mean AtomicWeight": 4.197065172888697, "ElementProperty|MagpieData avg_dev AtomicWeight": 4.197065172888697, "ElementProperty|MagpieData mode AtomicWeight": 3.3306690738754696e-16, "ElementProperty|MagpieData maximum CovalentRadius": 1.475006944260109, "ElementProperty|MagpieData range CovalentRadius": 1.4867646470985123, "ElementProperty|MagpieData mean CovalentRadius": 3.926369202192727, "ElementProperty|MagpieData avg_dev CovalentRadius": 3.915359841183366, "ElementProperty|MagpieData minimum Electronegativity": 3.1192867310076915, "ElementProperty|MagpieData maximum Electronegativity": 1.6495396357319212, "ElementProperty|MagpieData range Electronegativity": 3.5169805495348436, "ElementProperty|MagpieData mean Electronegativity": 4.051267452090977, "ElementProperty|MagpieData avg_dev Electronegativity": 4.015542991366516, "ElementProperty|MagpieData mode Electronegativity": 2.6277249394365487, "ElementProperty|MagpieData minimum NsValence": 0.5885824423712287, "ElementProperty|MagpieData range NsValence": 0.5266815319873763, "ElementProperty|MagpieData mean NsValence": 0.5423248488912038, "ElementProperty|MagpieData avg_dev NsValence": 0.5855394977843082, "ElementProperty|MagpieData mode NsValence": 0.5852383067609219, "ElementProperty|MagpieData maximum NpValence": 1.2413066099832228, "ElementProperty|MagpieData range NpValence": 1.2199733988537114, "ElementProperty|MagpieData mean NpValence": 1.5579361148883382, "ElementProperty|MagpieData avg_dev NpValence": 1.2647690509980882, "ElementProperty|MagpieData maximum NdValence": 0.942878742966605, "ElementProperty|MagpieData range NdValence": 0.9403086367587372, "ElementProperty|MagpieData mean NdValence": 2.425326913217604, "ElementProperty|MagpieData avg_dev NdValence": 2.4492167705967907, "ElementProperty|MagpieData maximum NfValence": 0.5594276446944764, "ElementProperty|MagpieData range NfValence": 0.6643289362276015, "ElementProperty|MagpieData mean NfValence": 0.8640591210790514, "ElementProperty|MagpieData avg_dev NfValence": 0.7475130468636122, "ElementProperty|MagpieData maximum NValence": 1.3526611333523513, "ElementProperty|MagpieData range NValence": 1.288298864245045, "ElementProperty|MagpieData mean NValence": 3.619602820426345, "ElementProperty|MagpieData avg_dev NValence": 3.373775772355707, "ElementProperty|MagpieData maximum NsUnfilled": 0.5723431551990505, "ElementProperty|MagpieData range NsUnfilled": 0.7087826257984928, "ElementProperty|MagpieData mean NsUnfilled": 0.6374587624942829, "ElementProperty|MagpieData avg_dev NsUnfilled": 0.576743612894234, "ElementProperty|MagpieData mean NpUnfilled": 1.4987056452678922, "ElementProperty|MagpieData avg_dev NpUnfilled": 0.9830509358516051, "ElementProperty|MagpieData maximum NdUnfilled": 1.4388245180481478, "ElementProperty|MagpieData range NdUnfilled": 1.500392035640659, "ElementProperty|MagpieData mean NdUnfilled": 2.021151506700608, "ElementProperty|MagpieData avg_dev NdUnfilled": 2.0128579152080586, "ElementProperty|MagpieData minimum NUnfilled": 1.3362103012836983, "ElementProperty|MagpieData maximum NUnfilled": 1.3319570846546132, "ElementProperty|MagpieData range NUnfilled": 1.2984951563886953, "ElementProperty|MagpieData mean NUnfilled": 2.7913193398992746, "ElementProperty|MagpieData avg_dev NUnfilled": 2.640090031780404, "ElementProperty|MagpieData mode NUnfilled": 0.8842341370670135, "ValenceOrbital|avg s valence electrons": 0.5521690221384938, "ValenceOrbital|avg p valence electrons": 1.517208412328718, "ValenceOrbital|avg d valence electrons": 2.4961985292734337, "ValenceOrbital|avg f valence electrons": 0.895706197864798, "ValenceOrbital|frac s valence electrons": 3.7968973919516857, "ValenceOrbital|frac p valence electrons": 3.8276359909595157, "ValenceOrbital|frac d valence electrons": 3.8626227634462884, "ValenceOrbital|frac f valence electrons": 1.4991111229869554, "YangSolidSolution|Yang omega": 4.136310187133711, "YangSolidSolution|Yang delta": 4.137093662917188}